seed,episode,reward,success,stage,loss,duration_sec,cumulative_goals
42,0,39.9897,0,1,3.1714,82.07,0
42,1,54.3423,0,1,3.0886,80.55,0
42,2,20.4117,0,1,2.0827,81.88,0
42,3,1.0777,0,1,2.5920,82.15,0
42,4,-10.1165,0,1,1.8913,80.67,0
42,5,25.7242,0,1,3.3312,81.63,0
42,6,53.8190,1,1,0.0000,70.52,1
42,7,64.4035,1,1,0.0000,9.35,2
42,8,64.9481,1,1,0.0000,11.02,3
42,9,54.5191,1,1,0.0000,5.26,4
42,10,64.8157,1,1,0.0000,9.74,5
42,11,61.5549,1,1,0.0000,8.24,6
42,12,53.0341,1,1,0.0000,4.66,7
42,13,61.2097,1,1,15.5219,9.65,8
42,14,62.0584,1,1,17.1877,9.08,9
42,15,60.9873,1,1,18.5851,6.90,10
42,16,53.1190,1,1,12.0549,4.60,11
42,17,64.2263,1,1,10.8112,11.34,12
42,18,53.5291,1,1,18.3156,4.96,13
42,19,53.6157,1,1,15.1411,5.64,14
42,20,54.0241,1,1,15.8562,4.63,15
42,21,68.6972,1,1,17.2224,12.21,16
42,22,53.4122,1,1,18.9481,4.63,17
42,23,61.5340,1,1,12.3436,9.60,18
42,24,64.3013,1,1,16.6113,13.70,19
42,25,63.4211,1,1,15.7444,10.23,20
42,26,60.0823,1,1,16.0448,7.11,21
42,27,66.4021,1,1,16.7168,11.45,22
42,28,61.3635,1,1,11.7486,9.03,23
42,29,54.0241,1,1,11.7984,4.67,24
42,30,58.0664,1,1,8.8918,9.97,25
42,31,53.9089,1,1,13.8640,4.69,26
42,32,62.2322,1,1,14.7250,10.57,27
42,33,53.4122,1,1,5.0615,4.66,28
42,34,85.5059,1,1,12.9897,30.01,29
42,35,62.1571,1,1,11.3573,11.38,30
42,36,53.8190,1,1,16.2964,4.66,31
42,37,53.5291,1,1,12.8479,5.74,32
42,38,62.7324,1,1,10.0801,8.68,33
42,39,58.3226,1,1,11.3994,8.18,34
42,40,65.9443,1,1,12.3595,11.45,35
42,41,64.2060,1,1,16.8333,10.77,36
42,42,57.8474,1,1,14.0910,10.69,37
42,43,63.9244,1,1,10.8367,11.34,38
42,44,60.9379,1,1,10.0724,11.46,39
42,45,65.1992,1,1,10.8735,11.38,40
42,46,69.5084,1,1,11.8060,10.36,41
42,47,63.7343,1,1,11.0219,29.88,42
42,48,63.4553,1,1,19.3927,9.73,43
42,49,54.5191,1,1,8.1532,5.66,44
42,50,59.8218,1,1,7.5475,7.95,45
42,51,62.9050,1,1,10.2379,9.75,46
42,52,62.9255,1,1,11.6614,10.18,47
42,53,53.4122,1,1,10.6355,4.88,48
42,54,64.4346,1,1,10.4954,12.00,49
42,55,63.3436,1,1,9.6781,9.69,50
42,56,53.1190,1,1,12.8973,5.26,51
42,57,64.2252,1,1,14.8768,8.99,52
42,58,53.6157,1,1,6.6375,5.19,53
42,59,69.9161,1,1,6.1563,10.02,54
42,60,64.7784,1,1,11.4706,8.83,55
42,61,53.4122,1,1,9.8666,5.34,56
42,62,64.6919,1,1,13.6647,9.63,57
42,63,53.0341,1,1,5.4767,5.70,58
42,64,61.1587,1,1,7.4826,9.26,59
42,65,61.5107,1,1,12.0472,9.72,60
42,66,63.3720,1,1,12.7865,10.51,61
42,67,63.4469,1,1,6.0431,8.57,62
42,68,62.4481,1,1,5.1336,9.37,63
42,69,65.7310,1,1,11.8592,11.52,64
42,70,62.5482,1,1,15.5187,9.05,65
42,71,64.2628,1,1,14.9504,9.98,66
42,72,65.6964,1,1,14.7470,11.28,67
42,73,57.7282,1,1,8.1078,8.68,68
42,74,62.0569,1,1,7.9942,8.04,69
42,75,64.7336,1,1,10.2225,11.45,70
42,76,54.0241,1,1,15.1268,4.67,71
42,77,62.8073,1,1,8.9790,11.37,72
42,78,62.7613,1,1,12.4024,8.91,73
42,79,72.0715,1,1,9.2247,28.92,74
42,80,63.8503,1,1,7.0274,9.76,75
42,81,64.4896,1,1,8.6100,10.15,76
42,82,63.4824,1,1,13.5528,10.51,77
42,83,61.2763,1,1,6.0965,11.23,78
42,84,64.6942,1,1,7.8804,8.45,79
42,85,64.9197,1,1,8.0258,12.00,80
42,86,64.4166,1,1,10.4090,10.43,81
42,87,64.4724,1,1,6.2931,11.20,82
42,88,54.0241,1,1,5.9165,4.60,83
42,89,62.4800,1,1,9.7824,10.43,84
42,90,62.0426,1,1,9.5915,9.41,85
42,91,53.9089,1,1,5.9329,5.48,86
42,92,53.6157,1,1,9.9010,4.58,87
42,93,53.9089,1,1,8.8635,5.10,88
42,94,59.9105,1,1,6.9449,9.12,89
42,95,54.0241,1,1,7.2965,5.13,90
42,96,65.1995,1,1,10.4295,11.68,91
42,97,73.2820,1,1,5.9837,19.41,92
42,98,63.2245,1,1,7.7834,9.26,93
42,99,60.4613,1,1,10.0833,9.59,94
42,100,62.2335,1,2,10.2153,11.27,95
42,101,66.3758,1,2,6.6010,11.03,96
42,102,64.2409,1,2,10.4275,10.48,97
42,103,60.7198,1,2,7.4265,21.01,98
42,104,59.8889,1,2,8.2457,9.96,99
42,105,54.3157,1,2,10.0524,5.17,100
42,106,55.0158,1,2,8.7864,4.66,101
42,107,56.9010,1,2,10.3247,9.68,102
42,108,62.9739,1,2,8.6934,8.42,103
42,109,67.9113,1,2,9.2291,10.07,104
42,110,50.2124,1,2,7.0241,9.69,105
42,111,66.3937,1,2,3.6589,19.60,106
42,112,81.6552,1,2,7.9623,20.51,107
42,113,63.4592,1,2,8.2386,7.83,108
42,114,55.0158,1,2,7.9680,5.67,109
42,115,15.2386,1,2,10.5669,37.63,110
42,116,54.5191,1,2,10.2757,5.79,111
42,117,31.8117,1,2,8.6130,13.84,112
42,118,61.9210,1,2,5.2765,7.09,113
42,119,53.2335,1,2,6.9198,10.63,114
42,120,61.6838,1,2,11.6962,9.73,115
42,121,65.8858,1,2,11.3782,10.38,116
42,122,79.6877,1,2,9.0438,18.95,117
42,123,38.3676,1,2,7.7450,10.82,118
42,124,69.1568,1,2,2.6774,9.37,119
42,125,53.8190,1,2,9.0162,5.31,120
42,126,68.9478,1,2,7.3154,9.97,121
42,127,32.7865,1,2,7.5894,13.64,122
42,128,146.1669,0,2,5.4942,69.08,122
42,129,60.8161,1,2,9.2675,11.86,123
42,130,63.2010,1,2,9.9728,8.52,124
42,131,28.3804,1,2,8.2560,11.26,125
42,132,61.8364,1,2,6.4847,11.33,126
42,133,46.8082,1,2,11.7631,13.55,127
42,134,27.6830,1,2,5.4732,20.54,128
42,135,68.2261,1,2,6.1865,11.30,129
42,136,64.4500,1,2,4.2937,10.53,130
42,137,75.3897,1,2,4.9865,12.28,131
42,138,54.5191,1,2,5.9361,4.70,132
42,139,58.2261,1,2,11.2911,8.20,133
42,140,45.2336,1,2,9.2409,13.76,134
42,141,66.9429,1,2,8.4155,26.24,135
42,142,20.9206,1,2,5.9517,10.71,136
42,143,35.2542,1,2,8.5707,7.61,137
42,144,54.0241,1,2,8.7020,4.60,138
42,145,53.8190,1,2,9.5172,5.71,139
42,146,54.9548,1,2,11.0085,9.80,140
42,147,40.1681,1,2,9.0483,9.93,141
42,148,48.8814,1,2,5.9767,11.31,142
42,149,52.9195,1,2,9.1748,27.80,143
42,150,-6.2541,1,3,5.6814,18.42,144
42,151,68.9102,1,3,11.7527,10.52,145
42,152,64.9463,1,3,8.2524,10.69,146
42,153,-144.3886,0,3,9.2550,69.31,146
42,154,-235.8938,0,3,7.8031,68.87,146
42,155,40.4161,1,3,10.2253,10.38,147
42,156,-141.4464,0,3,5.5511,70.36,147
42,157,78.8477,1,3,6.3738,23.33,148
42,158,-223.2434,0,3,10.9013,70.98,148
42,159,61.7512,1,3,6.6369,10.47,149
42,160,-85.2226,0,3,10.4094,69.37,149
42,161,-147.7611,0,3,9.1211,68.64,149
42,162,19.7226,1,3,8.3274,9.97,150
42,163,99.4388,1,3,9.3018,22.85,151
42,164,-37.8366,0,3,8.0863,69.70,151
42,165,-146.8942,0,3,8.2830,69.92,151
42,166,54.2646,1,3,4.5151,4.68,152
42,167,-642.3087,0,3,8.6361,69.74,152
42,168,53.9765,1,3,7.9299,4.63,153
42,169,-199.7558,0,3,5.1928,69.93,153
42,170,44.0156,1,3,8.4647,19.44,154
42,171,56.6030,1,3,10.1554,17.91,155
42,172,47.9272,1,3,8.8869,8.79,156
42,173,54.0241,1,3,8.6973,4.79,157
42,174,-1.5724,0,3,9.3376,70.68,157
42,175,64.7266,1,3,7.3897,9.84,158
42,176,70.7077,1,3,7.6733,8.76,159
42,177,-18.4796,0,3,8.3063,70.17,159
42,178,54.4245,1,3,5.6330,10.44,160
42,179,56.8728,1,3,6.6351,11.35,161
42,180,74.6399,1,3,7.3343,10.95,162
42,181,58.3605,1,3,11.2995,9.59,163
42,182,-254.5981,0,3,8.5018,70.13,163
42,183,-16.9707,0,3,9.8087,69.55,163
42,184,54.0241,1,3,7.5177,5.20,164
42,185,62.1336,1,3,7.1846,20.44,165
42,186,57.9448,1,3,8.3718,9.60,166
42,187,63.4220,1,3,7.3380,8.52,167
42,188,-166.1538,0,3,6.6195,69.50,167
42,189,-213.7483,0,3,8.3419,69.33,167
42,190,63.9041,1,3,7.3318,10.70,168
42,191,66.6979,1,3,8.1316,10.56,169
42,192,-16.4674,0,3,7.1047,69.55,169
42,193,-10.8598,0,3,10.5357,69.68,169
42,194,35.2299,1,3,8.6967,38.73,170
42,195,66.9390,1,3,8.9604,9.12,171
42,196,-160.9544,0,3,5.4090,70.07,171
42,197,80.2297,1,3,13.1211,19.56,172
42,198,75.5128,1,3,10.5906,18.64,173
42,199,-38.1079,0,3,10.0171,69.73,173
